PARAMETER,YEAR,JAN,FEB,MAR,APR,MAY,JUN,JUL,AUG,SEP,OCT,NOV,DEC,ANN,JAN_PH_SUELO,FEB_PH_SUELO,MAR_PH_SUELO,APR_PH_SUELO,MAY_PH_SUELO,JUN_PH_SUELO,JUL_PH_SUELO,AUG_PH_SUELO,SEP_PH_SUELO,OCT_PH_SUELO,NOV_PH_SUELO,DEC_PH_SUELO
PRECTOTCORR,1981,2.64,3.32,1.72,6.02,6.66,11.86,3.34,9.65,9.03,6.43,9.18,4.26,6.17,3.49,3.7,8.63,4.7,3.78,5.34,5.79,8.05,7.58,3.03,7.93,8.92
PRECTOTCORR,1982,3.3,2.99,1.35,3.71,8.9,2.92,8.43,4.88,5.84,6.6,2.71,3.59,4.62,5.85,3.4,6.4,5.81,4.64,7.64,3.54,4.16,4.75,8.68,7.94,6.48
PRECTOTCORR,1983,1.38,0.09,0.93,3.76,3.01,4.61,5.27,5.66,5.07,7.47,3.01,3.31,3.65,4.38,6.99,6.21,4.88,3.86,5.01,3.45,6.24,8.78,5.59,3.75,4.04
PRECTOTCORR,1984,0.69,1.01,0.6,2.72,4.78,5.78,4.8,6.55,5.83,5.3,2.27,2.01,3.54,4.84,7.43,3.9,4.72,5.14,4.6,8.8,8.83,8.75,8.16,6.27,7.43
PRECTOTCORR,1985,1.94,0.41,0.5,0.84,2.21,8.02,5.41,4.31,4.36,3.62,2.4,2.03,3.02,8.22,7.2,8.09,4.77,6.3,8.77,4.65,3.85,4.67,8.43,4.05,4.16
PRECTOTCORR,1986,2.53,0.39,0.57,0.46,4.46,7.97,4.69,8.08,5.73,8.05,4.5,3.83,4.3,8.49,6.73,6.8,8.78,3.72,3.66,6.12,6.42,8.95,7.62,8.16,7.28
PRECTOTCORR,1987,1.6,1.15,0.68,4.52,4.08,4.69,3.87,4.87,3.26,6.51,2.62,1.59,3.3,4.43,3.26,7.36,5.17,6.06,5.1,5.41,6.13,5.26,4.15,5.78,5.17
PRECTOTCORR,1988,2.52,0.84,0.74,1.74,3.24,2.68,3.06,5.21,6.42,4.97,3.49,1.14,3.01,6.43,4.3,8.86,6.94,4.19,4.82,4.65,4.27,5.72,6.24,7.47,3.46
PRECTOTCORR,1989,0.45,0.61,0.34,0.39,2.04,5.37,3.02,3.94,5.07,4.72,2.43,2.15,2.55,7.32,7.62,3.14,3.3,6.02,8.11,6.18,7.08,7.46,8.04,4.2,4.29
PRECTOTCORR,1990,1.64,0.87,0.85,0.92,3.56,4.52,2.94,5.63,3.53,5.97,3.07,2.25,3.0,5.13,6.77,3.6,5.56,6.22,7.77,7.63,3.8,7.37,7.16,5.61,3.69
PRECTOTCORR,1991,3.09,1.34,0.17,0.82,5.23,4.24,4.14,2.08,3.09,5.77,3.23,1.96,2.94,5.93,3.35,8.67,3.39,7.69,5.02,7.97,8.95,7.74,8.53,5.24,3.05
PRECTOTCORR,1992,0.14,0.99,0.41,0.98,3.35,2.64,5.97,3.73,3.11,3.16,2.72,0.92,2.35,4.54,7.58,7.73,7.97,6.64,4.64,6.72,8.9,4.47,4.78,7.8,7.42
PRECTOTCORR,1993,0.28,0.21,0.76,1.58,7.73,4.33,2.53,3.93,7.12,2.29,1.06,1.28,2.77,6.69,4.76,8.31,6.31,5.02,5.9,8.83,8.37,3.53,6.05,8.5,6.69
PRECTOTCORR,1994,0.02,0.29,0.17,1.09,1.06,2.47,3.58,2.74,2.9,4.1,3.49,1.01,1.92,4.78,8.56,6.69,3.24,7.62,3.2,7.73,7.59,3.24,6.88,8.52,8.58
PRECTOTCORR,1995,0.16,0.4,0.67,2.33,5.41,5.88,3.18,7.18,4.58,4.24,2.42,0.67,3.11,8.26,3.56,6.08,7.08,6.02,8.87,3.54,3.14,3.13,4.79,6.02,8.1
PRECTOTCORR,1996,1.43,1.52,0.19,0.47,4.59,2.63,2.41,2.39,2.65,2.79,3.81,2.33,2.27,6.49,7.13,6.29,3.27,8.68,6.97,8.27,5.6,5.24,6.89,6.44,3.59
PRECTOTCORR,1997,2.01,1.32,0.48,1.93,6.5,7.97,4.26,5.94,7.64,8.79,4.29,2.07,4.45,6.15,4.32,5.69,3.05,3.42,4.99,6.0,3.81,5.11,5.2,8.39,3.06
PRECTOTCORR,1998,0.03,0.31,0.16,0.84,6.4,7.36,10.44,8.91,5.68,11.41,4.9,8.7,5.48,5.55,6.76,5.32,5.83,3.65,4.34,5.26,4.44,6.94,8.5,4.31,6.18
PRECTOTCORR,1999,2.14,4.38,1.37,5.68,7.6,8.87,5.75,10.64,9.09,7.41,4.98,8.6,6.38,5.16,8.06,4.56,7.34,8.07,5.21,5.19,3.09,4.84,7.47,3.79,3.84
PRECTOTCORR,2000,4.24,2.93,0.77,2.86,6.55,8.58,6.59,7.03,6.36,4.61,4.82,2.66,4.83,4.54,4.95,8.46,8.78,6.07,6.5,6.11,6.73,3.41,5.75,3.26,7.93
PRECTOTCORR,2001,2.25,2.15,1.26,2.88,5.01,6.98,4.54,5.29,5.2,7.15,6.51,2.25,4.29,8.58,3.17,5.35,6.48,3.05,4.63,3.24,4.6,5.44,8.18,7.24,8.93
PRECTOTCORR,2002,3.67,1.38,1.77,2.4,10.41,6.79,11.45,9.38,5.69,5.62,9.59,4.18,6.06,3.38,6.52,5.15,8.63,8.5,6.54,5.75,5.55,8.72,5.76,4.87,3.24
PRECTOTCORR,2003,2.36,2.04,1.4,2.91,9.11,4.18,4.6,3.74,2.97,5.98,5.72,5.25,4.21,5.79,6.99,8.81,3.12,8.99,3.95,6.13,4.57,6.67,7.94,5.22,6.55
PRECTOTCORR,2004,1.05,2.23,3.62,1.85,7.3,4.17,4.75,4.38,6.92,4.76,11.51,5.35,4.82,3.68,3.8,7.74,5.15,8.09,5.77,8.3,6.5,6.93,7.16,5.02,5.49
PRECTOTCORR,2005,6.79,4.2,1.63,6.8,5.66,8.27,6.63,6.94,10.28,11.36,7.46,2.0,6.5,8.98,4.77,8.54,4.0,8.39,8.13,4.76,8.39,6.04,7.17,3.35,8.49
PRECTOTCORR,2006,6.81,2.45,4.8,2.2,7.55,5.77,9.33,4.84,5.23,3.77,5.3,5.48,5.32,6.64,7.9,6.53,4.42,7.59,8.85,5.87,3.37,3.24,4.02,6.35,6.43
PRECTOTCORR,2007,3.33,0.15,1.91,4.22,8.73,5.55,6.32,5.91,5.81,8.76,13.28,10.68,6.26,6.13,6.85,5.52,5.88,8.45,7.28,3.04,4.13,4.35,8.21,8.8,5.68
PRECTOTCORR,2008,2.48,2.04,1.14,4.99,6.59,8.77,7.49,9.86,6.95,8.74,6.77,2.54,5.7,5.82,6.73,6.62,7.54,7.58,5.98,8.11,3.9,7.67,3.24,8.1,3.22
PRECTOTCORR,2009,1.92,3.86,5.41,1.6,5.08,7.0,8.48,6.21,3.67,7.81,4.83,1.44,4.79,6.74,7.47,8.74,6.91,6.48,7.78,3.89,5.32,7.41,5.75,4.5,6.33
PRECTOTCORR,2010,4.83,2.3,2.89,3.74,7.44,6.11,6.74,5.96,14.47,5.04,12.43,7.06,6.59,6.08,6.05,7.23,4.8,5.98,4.29,3.54,8.93,5.72,6.79,4.57,4.26
PRECTOTCORR,2011,4.84,4.36,0.39,1.53,3.14,7.75,7.13,6.76,5.7,13.79,7.01,5.78,5.69,7.4,8.26,7.89,7.89,8.93,6.07,4.99,6.01,5.68,5.65,4.79,3.62
PRECTOTCORR,2012,4.25,1.38,2.46,3.57,4.26,5.23,11.76,7.59,6.5,5.76,7.22,4.1,5.36,3.42,5.78,5.57,8.04,7.64,3.55,8.26,6.63,3.06,6.54,7.64,8.93
PRECTOTCORR,2013,0.87,2.19,3.82,4.26,7.04,9.76,4.97,4.03,8.01,8.34,8.29,3.91,5.46,4.95,4.77,4.73,7.59,8.56,7.35,7.58,7.31,3.28,3.17,4.29,8.39
PRECTOTCORR,2014,2.33,1.82,1.16,6.46,5.62,8.17,13.46,9.71,10.68,9.43,7.6,10.18,7.25,8.69,8.33,4.47,7.86,4.03,5.16,4.74,8.32,6.22,3.98,5.05,6.97
PRECTOTCORR,2015,5.55,3.84,2.56,3.86,8.18,8.96,7.93,5.4,9.05,9.4,8.69,4.19,6.48,6.82,5.08,8.15,3.42,6.93,4.28,6.77,4.65,4.05,4.46,3.39,7.75
PRECTOTCORR,2016,2.2,4.16,1.02,3.07,5.46,10.77,8.31,8.44,6.56,11.06,12.83,5.71,6.63,6.69,7.93,8.53,3.52,3.43,4.36,3.17,8.89,5.83,3.33,5.6,3.98
PRECTOTCORR,2017,4.29,1.51,3.13,5.19,18.42,10.88,9.28,8.28,12.79,17.98,5.4,5.0,8.57,5.87,4.27,5.01,3.91,4.53,4.01,4.56,7.12,7.16,3.77,4.05,4.04
PRECTOTCORR,2018,11.85,3.35,3.29,4.88,10.26,11.86,16.5,9.19,8.78,13.14,5.21,2.1,8.42,3.08,6.17,3.38,7.58,3.5,6.79,3.97,4.43,3.49,6.73,6.68,8.51
PRECTOTCORR,2019,0.73,1.52,4.71,4.75,13.5,8.53,6.26,8.3,9.8,12.51,9.94,6.34,7.28,5.93,3.23,3.64,7.42,6.94,7.15,6.41,6.98,4.85,8.02,8.66,4.08
PRECTOTCORR,2020,4.42,2.55,0.82,6.57,7.76,13.64,6.98,7.83,8.88,13.55,16.18,10.77,8.33,8.18,5.2,5.84,3.56,4.6,8.65,5.18,5.6,4.77,4.88,7.42,6.59
PRECTOTCORR,2021,3.27,1.53,5.2,9.74,10.32,9.86,9.89,12.41,7.95,7.6,4.09,4.18,7.21,5.59,3.37,4.37,4.33,7.61,5.01,3.36,8.63,3.58,8.8,3.01,4.79
PRECTOTCORR,2022,1.4,1.65,7.19,8.26,8.59,15.96,7.43,6.15,10.84,9.1,11.4,3.39,7.62,3.57,3.34,5.53,8.25,6.34,6.73,7.02,4.73,4.7,7.15,4.87,6.06
PRECTOTCORR,2023,2.61,3.12,4.89,3.41,7.45,9.71,9.46,7.49,5.91,12.31,9.81,4.84,6.78,7.07,3.6,5.9,5.88,5.83,7.92,7.16,7.11,7.36,6.21,3.54,4.8
PRECTOTCORR,2024,1.09,4.05,2.08,5.72,25.32,25.62,17.4,6.5,13.11,12.39,25.99,7.89,12.25,8.35,3.84,4.96,8.16,7.4,7.71,6.72,4.35,4.99,7.32,7.91,5.66
PRECTOTCORR_SUM,1981,81.85,93.1,53.33,180.6,206.5,355.9,103.56,299.07,270.81,199.23,275.36,132.19,2251.5,4.86,4.27,5.05,8.6,6.01,5.31,7.59,3.14,7.67,5.46,4.33,8.28
PRECTOTCORR_SUM,1982,102.28,83.67,41.74,111.39,275.81,87.58,261.23,151.3,175.2,204.61,81.24,111.37,1687.42,3.63,7.11,8.45,5.65,4.7,6.87,7.73,5.43,3.71,3.45,8.53,8.04
PRECTOTCORR_SUM,1983,42.87,2.58,28.7,112.82,93.33,138.31,163.39,175.31,152.12,231.61,90.34,102.71,1334.09,5.82,5.29,7.65,7.71,8.3,6.71,5.35,7.38,5.15,8.03,5.84,7.9
PRECTOTCORR_SUM,1984,21.27,29.15,18.65,81.59,148.16,173.52,148.82,203.06,175.02,164.33,68.09,62.18,1293.84,7.15,7.44,5.8,7.07,7.14,5.43,5.35,4.65,4.58,6.36,3.27,3.39
PRECTOTCORR_SUM,1985,60.14,11.45,15.62,25.35,68.66,240.49,167.71,133.63,130.81,112.16,71.96,62.81,1100.79,7.66,7.14,3.06,4.37,6.03,7.0,5.85,3.71,7.72,6.46,5.61,6.29
PRECTOTCORR_SUM,1986,78.53,10.85,17.65,13.8,138.17,239.1,145.25,250.33,172.03,249.44,134.93,118.77,1568.85,4.04,7.05,7.26,3.34,3.3,8.77,6.41,3.42,5.83,8.5,3.44,7.76
PRECTOTCORR_SUM,1987,49.5,32.28,21.21,135.58,126.38,140.73,119.9,150.9,97.72,201.72,78.59,49.29,1203.8,7.63,6.82,4.38,3.47,8.56,3.38,8.8,4.68,8.18,3.1,7.72,8.33
PRECTOTCORR_SUM,1988,78.15,24.42,22.84,52.08,100.46,80.51,94.87,161.49,192.46,154.16,104.74,35.28,1101.46,8.31,3.08,3.95,8.53,8.3,3.21,6.84,6.23,3.61,6.31,4.2,3.53
PRECTOTCORR_SUM,1989,14.01,16.98,10.52,11.7,63.3,161.17,93.55,122.16,152.25,146.21,72.89,66.66,931.4,7.81,4.26,5.34,7.04,5.93,5.46,3.31,7.65,4.31,6.25,8.26,7.63
PRECTOTCORR_SUM,1990,50.71,24.27,26.49,27.66,110.21,135.64,91.24,174.56,105.83,185.1,92.04,69.78,1093.53,5.32,8.62,6.73,5.49,5.52,6.41,5.31,7.82,6.65,4.77,5.43,6.98
PRECTOTCORR_SUM,1991,95.7,37.59,5.36,24.45,162.03,127.24,128.39,64.55,92.64,178.82,96.92,60.71,1074.4,3.11,4.09,7.28,4.6,3.59,4.99,4.89,6.85,6.05,3.19,5.0,7.43
PRECTOTCORR_SUM,1992,4.41,28.73,12.72,29.42,103.74,79.28,185.03,115.71,93.28,97.92,81.53,28.43,860.2,7.22,7.29,4.81,5.75,4.2,3.35,7.99,6.05,7.16,8.58,7.33,8.54
PRECTOTCORR_SUM,1993,8.73,5.77,23.48,47.39,239.5,129.77,78.35,121.77,213.49,70.92,31.77,39.61,1010.55,8.04,8.89,4.15,7.28,3.68,5.48,4.5,7.18,6.25,6.17,8.21,4.36
PRECTOTCORR_SUM,1994,0.76,8.19,5.14,32.76,32.98,74.22,110.91,85.02,86.98,127.12,104.74,31.31,700.13,3.5,7.44,5.0,6.4,6.43,3.51,4.67,3.94,3.26,7.37,8.73,8.24
PRECTOTCORR_SUM,1995,5.07,11.06,20.82,69.8,167.8,176.53,98.54,222.48,137.43,131.31,72.64,20.89,1134.37,7.71,3.41,8.5,6.37,4.6,4.82,3.09,6.54,3.22,7.04,3.66,7.19
PRECTOTCORR_SUM,1996,44.21,43.97,5.78,14.19,142.43,78.93,74.62,74.14,79.6,86.63,114.26,72.13,830.89,7.99,4.21,4.85,6.08,8.84,6.2,3.45,8.04,4.31,8.52,8.04,6.34
PRECTOTCORR_SUM,1997,62.34,37.01,14.89,57.88,201.43,239.17,131.91,184.21,229.21,272.61,128.78,64.3,1623.74,3.53,6.66,8.48,8.59,3.18,3.84,4.35,8.56,8.92,4.46,4.19,3.07
PRECTOTCORR_SUM,1998,0.82,8.69,5.03,25.14,198.25,220.78,323.67,276.1,170.44,353.56,146.86,269.6,1998.94,5.98,8.86,7.31,6.23,3.78,7.44,7.49,4.85,5.97,4.4,5.86,7.99
PRECTOTCORR_SUM,1999,66.35,122.54,42.59,170.42,235.63,266.01,178.21,329.88,272.83,229.67,149.3,266.75,2330.18,7.18,5.89,5.17,7.27,4.26,6.16,7.76,6.84,7.17,7.91,3.8,5.81
PRECTOTCORR_SUM,2000,131.59,84.88,23.73,85.66,202.91,257.4,204.44,218.08,190.71,142.9,144.57,82.47,1769.34,6.16,8.11,4.53,6.68,6.68,7.31,5.57,8.28,8.14,4.87,7.65,5.76
PRECTOTCORR_SUM,2001,69.82,60.21,39.09,86.54,155.36,209.34,140.6,163.97,155.89,221.62,195.21,69.71,1567.36,3.58,8.35,3.5,5.92,8.37,6.79,6.86,3.79,6.23,7.83,7.02,8.44
PRECTOTCORR_SUM,2002,113.82,38.55,54.82,71.95,322.83,203.68,355.01,290.7,170.72,174.37,287.63,129.58,2213.66,7.42,4.9,6.49,6.22,4.74,7.28,3.85,6.31,3.3,4.37,3.1,4.72
PRECTOTCORR_SUM,2003,73.24,57.15,43.35,87.4,282.44,125.5,142.73,115.86,89.22,185.41,171.74,162.82,1536.86,6.52,4.03,4.59,3.34,5.47,4.69,4.34,5.4,8.72,6.96,4.23,3.78
PRECTOTCORR_SUM,2004,32.57,64.64,112.24,55.47,226.44,125.25,147.31,135.88,207.49,147.6,345.18,165.92,1765.99,3.07,6.16,8.15,7.83,7.69,5.67,7.49,4.7,5.45,8.11,6.66,3.47
PRECTOTCORR_SUM,2005,210.55,117.71,50.42,203.88,175.48,248.03,205.64,215.05,308.52,352.25,223.7,62.03,2373.26,7.97,4.31,3.34,6.5,3.05,4.84,6.82,6.21,4.37,3.59,3.77,6.62
PRECTOTCORR_SUM,2006,211.08,68.68,148.75,66.03,234.18,173.15,289.21,150.11,156.79,116.93,158.9,169.94,1943.75,5.86,7.9,6.28,8.29,6.35,8.59,5.6,8.23,6.02,3.65,7.33,3.05
PRECTOTCORR_SUM,2007,103.35,4.27,59.21,126.7,270.63,166.52,195.93,183.07,174.37,271.59,398.39,331.14,2285.17,5.54,6.19,5.19,3.66,5.83,8.79,6.7,3.38,4.03,5.82,5.06,3.98
PRECTOTCORR_SUM,2008,77.02,59.13,35.42,149.71,204.16,263.12,232.18,305.76,208.43,271.01,203.0,78.72,2087.66,6.48,3.84,4.33,7.51,6.96,5.15,6.63,4.73,8.66,6.42,6.9,7.69
PRECTOTCORR_SUM,2009,59.64,108.08,167.74,47.92,157.55,210.03,262.95,192.45,110.15,241.98,144.91,44.65,1748.05,7.82,7.39,4.08,3.89,8.36,8.44,8.91,6.38,4.47,4.32,6.97,3.35
PRECTOTCORR_SUM,2010,149.69,64.47,89.62,112.11,230.63,183.16,208.94,184.9,434.19,156.18,372.89,218.87,2405.65,7.67,5.63,8.05,3.65,3.21,7.47,3.48,9.0,6.69,7.95,5.29,3.43
PRECTOTCORR_SUM,2011,149.98,122.21,12.16,45.77,97.48,232.45,221.1,209.41,170.9,427.54,210.3,179.2,2078.5,7.4,4.82,5.68,7.7,6.42,6.62,8.59,3.1,8.23,5.31,5.0,8.31
PRECTOTCORR_SUM,2012,131.89,39.99,76.3,107.09,132.1,157.04,364.44,235.33,194.91,178.68,216.49,127.09,1961.35,6.54,4.34,7.91,4.89,5.61,3.18,8.15,6.34,3.25,6.05,3.16,6.7
PRECTOTCORR_SUM,2013,27.06,61.24,118.55,127.82,218.25,292.85,153.93,125.01,240.19,258.52,248.8,121.14,1993.36,3.52,3.05,8.67,8.1,7.54,7.13,3.66,3.54,8.77,3.98,6.74,6.3
PRECTOTCORR_SUM,2014,72.26,51.07,35.95,193.9,174.32,245.07,417.3,300.88,320.25,292.31,228.08,315.63,2647.02,7.89,7.12,4.74,8.39,6.76,6.28,4.46,8.31,7.56,8.93,6.71,8.14
PRECTOTCORR_SUM,2015,171.9,107.62,79.44,115.93,253.66,268.78,245.76,167.49,271.54,291.49,260.8,129.76,2364.17,4.15,5.87,5.67,5.49,4.62,5.89,3.32,4.29,8.36,5.44,6.44,6.58
PRECTOTCORR_SUM,2016,68.08,120.74,31.67,92.15,169.26,323.1,257.59,261.78,196.69,342.88,384.79,176.91,2425.64,3.03,6.9,4.08,3.73,6.68,6.69,8.93,8.34,4.56,8.1,8.65,4.2
PRECTOTCORR_SUM,2017,132.87,42.27,97.04,155.81,570.93,326.31,287.8,256.78,383.59,557.39,161.87,154.91,3127.57,3.75,5.02,6.97,4.1,4.65,6.24,6.2,4.69,8.7,6.77,3.9,7.91
PRECTOTCORR_SUM,2018,367.34,93.77,102.08,146.43,318.14,355.88,511.39,284.92,263.43,407.34,156.19,64.95,3071.86,6.91,5.95,7.75,8.24,3.93,7.56,4.54,7.27,8.21,7.82,7.35,4.34
PRECTOTCORR_SUM,2019,22.65,42.64,146.12,142.39,418.58,255.94,194.16,257.22,294.02,387.89,298.22,196.57,2656.4,6.72,8.04,3.68,7.66,7.69,7.78,4.43,3.86,8.82,5.95,3.78,8.1
PRECTOTCORR_SUM,2020,137.07,73.95,25.28,197.06,240.58,409.23,216.41,242.73,266.41,419.9,485.29,334.01,3047.92,8.53,5.6,4.66,4.58,4.82,3.58,5.72,6.52,3.34,4.23,5.09,6.3
PRECTOTCORR_SUM,2021,101.45,42.93,161.12,292.17,319.96,295.87,306.55,384.7,238.49,235.75,122.78,129.66,2631.43,7.81,3.13,3.45,6.02,5.99,4.21,7.02,7.51,5.33,7.92,8.52,7.79
PRECTOTCORR_SUM,2022,43.42,46.31,222.83,247.76,266.35,478.87,230.37,190.57,325.22,282.13,341.96,104.96,2780.75,6.71,7.89,4.93,4.76,8.63,8.01,5.86,4.58,7.25,7.28,6.48,3.1
PRECTOTCORR_SUM,2023,80.76,87.3,151.59,102.28,231.09,291.24,293.25,232.04,177.24,381.46,294.26,150.04,2472.55,3.08,6.71,8.57,7.44,7.72,6.34,7.99,3.21,4.28,6.6,7.03,6.86
PRECTOTCORR_SUM,2024,33.88,117.35,64.52,171.48,785.07,768.48,539.28,201.52,393.4,384.18,779.73,244.65,4483.54,5.41,3.93,4.67,4.27,4.6,4.95,3.18,6.22,3.04,4.22,8.86,7.09
QV2M,1981,13.12,13.8,13.85,14.65,15.17,15.33,14.38,14.52,14.58,14.54,14.69,14.28,14.41,7.94,3.5,7.48,3.12,5.87,8.78,4.54,3.38,8.96,4.5,7.98,3.34
QV2M,1982,13.3,13.24,12.7,13.25,14.5,15.08,14.57,14.62,14.73,14.43,14.34,14.23,14.09,4.64,6.99,5.3,3.47,5.31,3.03,4.57,6.71,5.97,6.3,7.33,5.93
QV2M,1983,14.27,13.68,13.68,13.24,15.11,15.01,14.92,14.45,14.07,14.31,14.96,14.2,14.33,5.2,6.04,5.33,6.87,3.51,7.97,8.74,3.96,3.7,8.66,7.14,7.17
QV2M,1984,13.1,13.39,12.85,12.69,14.13,14.34,14.15,14.52,14.55,14.7,13.7,13.65,13.82,6.01,7.59,5.27,4.66,8.96,3.68,4.16,5.79,4.2,7.24,5.21,8.67
QV2M,1985,12.46,12.52,12.2,12.41,13.5,14.27,13.84,13.91,13.88,13.83,13.98,13.59,13.37,6.52,8.19,5.1,4.8,5.41,6.76,7.64,3.42,3.54,9.0,6.95,3.72
QV2M,1986,12.76,12.05,12.18,13.38,14.31,14.5,14.17,14.09,14.54,14.32,14.44,13.97,13.73,6.36,6.22,6.67,7.12,5.63,8.78,6.2,6.04,5.8,4.52,8.84,8.37
QV2M,1987,13.29,13.82,13.46,14.4,14.74,14.4,14.78,14.38,14.52,15.08,14.64,14.33,14.32,4.5,3.68,7.34,7.6,6.75,8.08,4.0,8.94,7.48,8.62,4.75,8.59
QV2M,1988,13.32,13.38,12.82,12.96,14.43,14.09,14.11,14.64,14.77,14.3,14.29,13.65,13.9,7.64,7.73,4.32,6.03,5.94,8.33,8.49,7.48,3.9,6.25,3.46,6.9
QV2M,1989,13.05,11.95,11.53,12.86,14.0,14.4,14.2,14.05,14.62,14.39,14.95,13.46,13.63,4.96,4.98,7.22,3.24,3.08,7.73,8.31,9.0,4.48,7.02,7.04,8.07
QV2M,1990,13.55,12.33,12.65,12.92,14.64,14.85,14.26,14.63,14.33,14.89,15.06,13.97,14.02,8.43,3.33,4.67,8.29,7.46,6.45,3.17,5.0,7.2,4.64,3.49,5.36
QV2M,1991,13.15,12.72,12.62,13.02,15.19,14.97,14.61,14.28,14.33,14.27,14.13,13.53,13.91,7.69,6.55,4.09,8.36,7.72,5.86,7.65,7.63,7.05,3.86,5.29,4.95
QV2M,1992,12.82,12.64,12.23,13.39,14.5,15.14,14.65,14.6,14.66,14.67,14.3,13.6,13.94,6.98,5.17,6.82,8.07,4.02,6.07,8.34,8.81,3.58,8.48,8.14,4.56
QV2M,1993,12.99,11.99,12.57,13.49,15.4,15.68,14.79,14.98,14.7,14.93,14.22,13.55,14.12,3.91,4.2,4.29,4.88,8.21,8.08,6.0,8.02,3.03,3.36,7.44,5.99
QV2M,1994,12.26,12.32,11.76,12.93,14.45,14.53,14.7,14.52,14.77,14.65,14.75,13.48,13.77,4.09,3.65,5.59,7.31,5.45,7.27,3.17,6.22,4.82,7.86,7.05,5.34
QV2M,1995,12.59,12.3,12.64,14.21,14.85,15.65,14.74,15.52,15.31,15.54,14.69,13.61,14.31,8.49,6.83,7.62,3.05,6.61,7.77,6.04,7.1,7.43,8.85,4.64,4.19
QV2M,1996,13.03,12.84,12.46,12.93,14.8,15.24,14.66,13.93,14.75,14.99,14.55,13.52,13.98,3.95,7.23,4.5,6.62,5.97,7.83,8.5,3.91,8.34,5.07,8.05,3.11
QV2M,1997,12.35,13.41,12.02,12.82,14.69,15.53,15.62,15.25,15.46,15.82,15.56,13.96,14.38,6.74,5.18,7.15,5.57,6.84,8.61,5.63,5.2,6.92,7.04,6.94,7.4
QV2M,1998,13.48,14.02,13.28,13.77,14.98,15.86,15.44,15.55,15.69,16.08,15.09,14.82,14.84,8.23,7.87,4.68,8.05,6.13,8.1,3.99,6.31,4.59,6.88,3.29,3.6
QV2M,1999,13.54,13.2,12.98,13.7,14.88,14.99,14.79,14.87,15.18,15.09,14.49,14.07,14.32,7.92,4.57,6.03,4.38,4.96,5.3,6.45,8.94,8.2,5.9,7.83,6.58
QV2M,2000,13.09,12.93,12.9,13.6,14.92,15.13,14.65,14.92,15.11,14.69,14.55,13.89,14.2,5.63,6.79,4.43,4.93,4.7,6.25,6.28,5.8,6.28,7.44,6.78,6.49
QV2M,2001,12.98,12.7,12.61,13.6,14.53,15.3,14.68,15.68,14.98,15.6,14.93,14.77,14.37,3.16,5.66,5.76,3.01,3.88,7.46,7.98,8.87,6.3,4.12,4.27,5.83
QV2M,2002,13.73,13.11,13.1,13.12,15.64,15.86,15.63,15.28,15.46,15.44,14.93,14.04,14.62,3.6,5.22,4.74,7.45,5.88,8.27,5.42,7.62,6.8,8.28,3.44,5.39
QV2M,2003,13.7,13.52,13.32,13.72,15.75,15.6,15.19,15.17,15.15,15.63,15.31,14.54,14.72,4.67,4.26,4.1,8.18,8.62,8.21,6.32,5.8,5.06,3.92,7.34,5.86
QV2M,2004,13.51,13.41,13.69,14.05,15.53,15.41,14.84,15.34,15.16,15.25,14.88,14.26,14.61,7.96,3.6,6.97,3.48,5.0,8.75,4.53,8.08,7.01,4.78,4.88,4.48
QV2M,2005,13.87,12.98,14.17,14.53,15.79,16.5,15.75,15.46,15.63,15.78,14.89,13.57,14.92,7.16,4.83,5.69,4.61,4.05,6.72,5.6,5.64,5.48,6.92,8.23,5.94
QV2M,2006,14.01,13.11,13.43,13.71,15.13,15.59,15.71,15.31,15.0,15.44,14.9,14.75,14.69,7.73,6.8,7.21,5.67,5.72,8.04,6.62,4.08,4.79,8.13,6.46,5.26
QV2M,2007,13.95,12.89,13.2,14.24,15.61,15.57,14.99,15.21,15.23,15.39,15.25,14.09,14.64,8.11,4.02,4.02,8.09,8.88,8.17,6.97,6.36,4.57,8.91,4.88,7.15
QV2M,2008,13.2,13.04,12.85,13.73,14.67,15.52,15.02,15.2,15.24,15.49,15.02,14.08,14.42,7.94,6.41,3.57,4.42,4.51,6.41,8.35,7.61,8.17,5.37,8.37,7.61
QV2M,2009,13.58,13.23,13.05,13.46,14.95,15.72,15.53,15.31,15.22,15.72,15.18,14.54,14.63,7.93,7.37,7.38,6.58,7.7,3.58,3.58,3.51,5.21,4.38,3.76,6.19
QV2M,2010,13.86,14.49,14.13,14.81,16.22,15.26,15.34,15.53,15.31,15.02,14.4,13.31,14.81,5.09,3.51,4.64,7.94,8.59,5.8,8.11,6.99,3.7,4.04,3.49,7.2
QV2M,2011,13.53,13.72,12.88,13.14,14.33,15.25,15.22,15.02,15.24,15.17,14.53,14.3,14.36,8.72,4.48,5.78,3.99,5.89,5.91,5.83,4.06,8.51,5.07,4.22,6.2
QV2M,2012,13.34,12.95,13.25,13.87,15.32,15.61,15.42,15.02,14.79,14.91,14.97,14.58,14.51,4.81,5.74,3.69,7.17,6.69,4.81,6.61,4.67,5.17,7.33,5.48,8.48
QV2M,2013,13.77,13.18,13.67,14.3,14.79,15.89,15.3,14.98,15.51,15.21,14.76,14.21,14.64,3.23,5.92,5.24,5.92,4.82,4.88,8.08,5.49,5.53,7.46,7.43,6.34
QV2M,2014,13.63,13.12,12.92,14.43,15.04,15.91,15.81,15.07,15.18,15.42,15.17,14.73,14.71,3.16,8.16,8.48,5.31,6.02,4.02,5.04,7.21,4.19,5.06,7.39,8.88
QV2M,2015,14.02,13.69,13.46,14.45,15.27,16.33,15.57,15.54,15.82,15.96,15.69,15.54,15.12,7.4,6.69,5.99,3.96,5.87,4.71,6.15,3.4,7.91,8.76,3.41,6.05
QV2M,2016,14.11,14.0,13.91,14.38,15.59,15.87,15.06,15.75,15.31,15.86,15.49,14.85,15.02,3.25,4.78,3.93,5.48,8.77,3.04,7.82,5.92,3.63,8.88,8.7,6.15
QV2M,2017,13.81,13.64,13.39,15.04,16.5,16.16,15.89,15.6,16.1,15.54,15.28,14.51,15.13,4.14,7.83,3.92,7.31,6.56,4.85,7.53,4.55,6.86,3.42,3.61,6.93
QV2M,2018,14.27,13.38,13.56,14.51,15.25,15.86,15.58,15.27,15.48,15.25,15.25,14.1,14.82,5.84,8.56,8.44,5.13,6.36,3.65,8.74,3.01,3.92,5.09,4.79,8.19
QV2M,2019,13.36,12.78,13.44,14.2,16.2,16.37,15.51,15.67,15.68,15.71,15.12,15.19,14.95,6.96,4.99,8.3,3.4,4.04,5.59,4.3,8.41,5.37,5.36,7.35,8.83
QV2M,2020,14.71,14.33,13.41,14.12,15.82,15.77,15.08,15.43,15.15,15.69,15.47,14.47,14.96,5.12,3.44,6.12,5.28,3.18,4.39,5.95,5.13,3.81,4.27,4.87,7.78
QV2M,2021,14.0,13.98,13.48,15.01,15.59,15.57,15.67,15.24,15.33,15.47,14.52,14.77,14.89,4.81,6.97,6.57,5.19,3.76,7.92,5.85,3.99,6.92,7.26,5.74,3.46
QV2M,2022,13.34,12.74,13.69,14.79,15.78,15.41,15.61,15.07,15.51,15.36,15.27,14.24,14.74,5.39,6.2,6.61,6.19,6.37,7.5,8.96,3.51,8.05,5.88,5.88,4.11
QV2M,2023,13.94,13.63,13.92,14.06,15.52,16.31,16.14,16.12,15.74,16.61,16.41,15.55,15.34,4.72,7.41,7.42,5.13,4.36,8.13,7.17,7.57,3.65,7.03,6.93,4.76
QV2M,2024,15.02,14.21,14.53,14.71,16.36,16.99,16.54,15.92,16.32,16.31,15.99,15.32,15.69,7.4,7.03,7.22,3.46,5.74,8.6,8.01,5.93,5.1,4.19,3.73,4.23
RH2M,1981,88.79,89.09,85.61,87.67,88.01,92.33,90.36,90.62,90.73,91.51,92.54,91.0,89.85,4.28,4.96,6.96,8.4,3.75,5.65,8.21,7.71,5.45,8.4,4.41,7.91
RH2M,1982,89.43,86.99,82.57,82.51,85.71,89.27,91.26,90.88,91.05,92.28,90.15,90.46,88.56,6.13,7.94,3.48,4.01,6.44,4.45,7.57,5.29,7.42,3.23,4.38,8.15
RH2M,1983,88.61,83.62,79.12,76.23,84.75,86.92,89.27,89.29,88.14,91.47,92.17,91.35,86.78,6.39,8.26,7.62,8.77,8.72,4.45,7.66,5.83,4.56,6.0,6.59,6.19
RH2M,1984,87.41,85.46,79.35,76.8,82.92,89.41,90.08,90.38,91.43,92.04,90.17,89.25,87.07,4.44,3.03,7.41,6.71,8.95,7.04,8.42,8.93,7.62,3.97,3.16,8.7
RH2M,1985,86.96,82.98,78.17,76.09,79.52,88.62,89.75,89.88,88.23,87.68,88.18,88.1,85.37,4.09,4.65,3.42,4.37,3.81,8.22,4.72,5.3,7.44,8.09,3.13,4.27
RH2M,1986,86.18,80.24,78.66,78.53,82.71,88.53,90.71,89.85,90.76,91.28,91.29,90.04,86.61,5.09,5.18,5.88,4.05,4.94,6.91,5.76,7.28,4.94,5.65,3.22,8.87
RH2M,1987,88.54,86.85,79.61,85.93,86.4,86.2,89.92,90.2,88.33,91.36,89.44,87.88,87.56,3.11,8.16,6.96,8.59,7.58,6.38,4.9,8.22,4.77,7.03,7.06,5.36
RH2M,1988,84.68,83.86,79.33,76.99,81.95,85.12,87.74,90.26,91.65,89.57,89.58,87.92,85.73,5.98,4.49,8.0,3.67,5.83,7.41,6.97,7.79,7.28,5.2,8.79,5.88
RH2M,1989,83.94,80.83,75.96,76.22,81.08,87.02,88.58,86.55,89.96,89.37,90.96,88.1,84.9,8.57,8.57,7.53,8.52,4.38,4.26,5.71,7.11,4.82,4.38,3.06,8.8
RH2M,1990,86.3,81.13,79.43,76.69,84.17,88.01,88.35,89.01,88.74,91.22,92.04,89.42,86.25,6.85,3.4,4.31,4.68,7.38,5.22,4.43,7.82,6.92,5.8,5.0,4.33
RH2M,1991,87.09,83.82,77.38,76.22,88.18,88.58,89.39,88.0,88.19,89.01,89.55,88.0,86.14,5.23,4.1,7.24,6.65,5.71,3.46,3.44,8.39,5.44,4.83,8.16,8.22
RH2M,1992,83.61,80.26,75.76,76.98,82.94,85.38,90.91,90.21,89.78,91.09,88.81,85.87,85.16,7.14,8.24,7.47,7.81,5.89,4.84,4.9,6.89,6.9,6.73,6.56,6.26
RH2M,1993,82.13,76.91,77.57,76.62,87.83,91.36,89.99,90.82,91.33,91.12,88.47,85.61,85.87,5.17,8.03,7.68,7.8,6.2,4.0,4.54,4.98,3.77,6.07,5.8,8.54
RH2M,1994,80.26,78.9,73.32,76.41,81.22,84.71,88.31,87.58,87.69,89.2,90.63,85.28,83.65,5.75,4.74,6.36,3.53,4.15,6.02,6.02,5.14,5.08,4.48,8.75,8.9
RH2M,1995,80.72,78.11,76.16,79.88,85.78,90.85,89.11,92.17,92.56,93.05,90.12,87.44,86.37,5.57,6.44,7.71,5.85,4.12,8.5,4.86,4.31,8.81,5.42,3.36,4.58
RH2M,1996,85.92,83.18,76.59,76.16,84.64,89.15,88.12,85.65,87.45,89.24,88.92,86.57,85.14,3.51,5.34,3.59,3.54,4.19,6.13,5.79,4.81,5.36,5.2,7.62,4.28
RH2M,1997,83.46,83.97,76.72,75.38,86.87,91.84,91.22,90.61,91.32,93.26,93.42,89.12,87.28,8.88,7.04,6.62,4.34,3.62,6.76,8.27,4.34,4.53,5.19,6.24,4.33
RH2M,1998,85.96,80.73,75.73,76.46,82.45,90.92,92.14,92.95,91.57,94.48,92.67,93.44,87.51,6.22,8.04,7.21,5.4,5.74,8.26,5.62,6.09,8.03,4.23,5.32,7.05
RH2M,1999,89.79,88.82,85.19,84.72,89.5,92.3,92.07,92.19,93.52,93.86,91.78,92.98,90.57,6.54,8.18,3.05,6.84,4.58,3.2,3.94,8.55,4.32,3.19,3.95,8.24
RH2M,2000,90.39,89.06,84.8,84.77,87.78,91.93,91.56,92.24,92.26,91.75,90.86,90.55,89.83,7.04,4.96,3.82,8.93,3.72,8.31,7.56,7.34,5.87,7.09,6.07,4.89
RH2M,2001,88.02,85.69,80.74,83.34,84.17,90.79,90.21,92.12,91.4,92.63,92.67,90.76,88.56,3.04,7.92,6.72,6.6,3.95,6.03,7.92,8.49,8.48,5.93,6.72,3.58
RH2M,2002,89.16,85.92,83.25,81.56,90.59,91.63,93.83,92.77,91.74,93.42,92.22,90.57,89.76,3.35,4.89,7.59,6.68,8.14,7.3,5.27,4.9,5.22,5.51,7.33,8.17
RH2M,2003,89.48,87.26,81.22,80.76,90.46,92.13,91.47,91.02,89.79,92.03,93.48,92.23,89.3,7.77,5.11,6.64,7.86,3.64,4.18,4.37,7.45,5.14,7.77,8.54,4.01
RH2M,2004,88.03,85.99,85.7,81.37,89.81,90.95,90.82,90.78,89.9,90.89,92.47,91.37,89.03,7.97,7.33,7.01,3.67,6.37,5.44,8.97,4.17,4.69,6.32,4.58,8.41
RH2M,2005,91.77,88.51,85.4,85.99,89.55,93.36,91.62,92.32,93.82,94.36,92.86,89.21,90.74,5.97,6.5,5.24,8.86,8.12,8.22,4.65,6.53,7.53,6.09,7.68,5.79
RH2M,2006,91.18,87.91,86.93,83.7,88.69,91.76,93.01,91.07,89.84,90.78,92.86,91.77,89.98,5.89,5.07,4.54,6.99,6.25,4.46,7.14,4.93,8.64,7.64,5.78,3.26
RH2M,2007,89.84,83.94,82.31,83.51,90.24,91.15,91.38,91.31,91.33,93.23,94.14,91.4,89.52,7.4,3.04,8.98,3.21,7.14,6.89,7.99,6.74,5.9,8.82,4.32,7.6
RH2M,2008,89.54,87.96,83.96,84.5,87.18,92.23,92.58,91.62,90.43,93.62,92.71,90.29,89.73,3.0,3.61,4.26,8.95,6.54,8.96,3.79,6.24,5.05,3.33,6.2,4.14
RH2M,2009,89.06,87.89,86.62,81.9,85.64,91.34,91.29,90.92,88.78,92.85,91.88,89.56,88.99,7.86,3.55,7.02,5.1,4.43,4.68,7.85,7.26,4.9,6.08,4.76,4.61
RH2M,2010,88.51,87.4,83.92,82.68,90.07,89.9,90.1,91.94,91.87,91.56,92.29,90.79,89.27,8.25,3.71,3.39,6.03,8.28,3.89,8.62,7.36,4.73,4.87,5.43,3.07
RH2M,2011,89.29,88.61,83.23,79.61,80.84,88.15,90.92,88.92,90.33,93.43,91.93,92.65,88.16,8.66,3.75,5.02,3.09,4.11,7.21,8.78,5.02,6.44,5.79,9.0,3.92
RH2M,2012,89.48,86.77,84.72,83.37,86.78,89.09,91.86,89.87,89.93,90.96,92.55,91.08,88.88,3.56,4.18,4.02,7.03,5.92,3.11,3.33,7.63,7.26,3.87,4.91,7.3
RH2M,2013,88.19,85.65,84.4,84.37,87.17,92.33,92.14,90.42,90.77,92.04,90.96,90.61,89.11,7.04,3.66,5.34,3.8,7.62,3.05,7.03,6.99,4.21,5.96,8.28,8.45
RH2M,2014,89.43,86.58,80.87,85.09,86.87,91.54,93.13,91.03,91.19,92.34,93.04,92.94,89.52,6.65,8.35,4.86,8.15,8.85,4.28,4.57,6.72,8.29,6.87,8.05,7.46
RH2M,2015,90.67,89.37,86.31,85.46,89.03,92.44,92.27,90.63,92.01,91.34,92.71,91.26,90.3,8.63,3.68,8.5,4.77,5.68,8.36,3.01,8.04,3.13,6.86,5.41,5.72
RH2M,2016,88.75,88.27,81.08,80.55,85.09,91.43,90.84,90.94,90.57,93.16,93.65,93.04,88.95,7.98,5.04,8.66,6.69,7.87,4.77,7.14,4.46,4.65,6.82,4.01,6.96
RH2M,2017,89.49,87.23,84.18,85.89,92.91,92.31,92.54,90.62,92.67,91.43,92.08,91.82,90.28,7.16,6.66,4.41,3.5,7.74,7.33,6.39,4.29,5.37,8.95,6.64,4.35
RH2M,2018,93.54,89.28,87.15,87.2,88.69,92.7,93.03,91.73,90.55,91.98,91.26,89.8,90.59,5.9,8.4,7.04,7.15,8.01,7.29,3.22,7.68,7.3,7.03,5.88,4.71
RH2M,2019,87.04,80.66,83.69,82.1,91.47,91.58,91.08,91.24,91.37,93.36,91.56,91.88,88.98,3.61,8.37,4.37,4.66,4.35,5.55,8.97,3.39,4.28,8.86,5.71,8.68
RH2M,2020,90.99,89.05,83.52,83.35,88.7,91.46,90.94,90.98,89.58,92.39,92.52,91.87,89.62,7.06,6.38,8.36,7.9,6.92,5.87,8.74,7.73,6.28,4.93,3.14,8.0
RH2M,2021,90.49,87.9,85.54,88.86,91.07,90.93,91.44,91.23,90.36,90.83,90.33,91.61,90.07,7.17,6.66,8.3,3.37,6.89,5.33,8.58,8.45,5.99,6.5,6.3,3.85
RH2M,2022,87.92,84.07,84.93,87.36,90.6,92.94,92.15,89.93,91.01,91.46,92.97,90.88,89.72,6.4,4.94,8.44,6.06,3.61,5.16,5.18,6.48,7.03,6.75,7.76,8.84
RH2M,2023,90.2,88.15,87.55,83.38,85.51,90.52,91.8,90.84,88.68,92.57,93.77,91.62,89.57,6.48,4.66,5.65,7.01,4.97,7.06,6.1,5.72,3.32,5.78,8.12,4.1
RH2M,2024,89.62,87.47,81.79,83.24,87.56,92.91,93.1,90.32,91.03,93.06,94.04,93.15,89.78,4.03,3.38,8.03,7.25,6.15,7.89,8.72,7.4,8.74,8.13,8.67,6.21
T2M,1981,18.52,19.25,20.05,20.51,20.99,20.26,19.62,19.75,19.79,19.57,19.57,19.4,19.77,7.31,8.79,4.66,3.93,8.2,6.53,5.35,6.99,5.63,5.62,7.06,4.94
T2M,1982,18.61,19.02,19.36,20.13,20.81,20.61,19.66,19.81,19.89,19.29,19.64,19.45,19.69,6.36,7.32,3.55,6.96,7.06,4.57,4.25,4.97,3.71,7.52,3.15,3.99
T2M,1983,19.84,20.24,21.37,21.72,21.64,21.04,20.46,19.96,19.76,19.34,19.89,19.27,20.38,6.68,8.4,8.82,7.39,5.27,3.34,4.61,8.7,6.23,7.34,5.84,8.42
T2M,1984,18.75,19.53,20.35,20.86,21.03,19.78,19.43,19.78,19.61,19.67,18.91,19.01,19.73,7.31,3.94,5.45,7.7,7.48,8.92,3.13,8.64,7.03,6.9,6.52,3.35
T2M,1985,18.1,18.98,19.8,20.66,21.08,19.88,19.15,19.22,19.53,19.59,19.65,19.18,19.57,8.49,4.38,5.0,6.82,5.46,6.31,6.25,3.01,6.26,6.84,7.52,6.38
T2M,1986,18.62,19.1,19.65,21.16,21.32,20.16,19.35,19.42,19.72,19.42,19.51,19.23,19.72,7.39,7.28,8.57,7.35,8.34,4.81,8.28,6.87,6.47,7.2,5.92,6.83
T2M,1987,18.74,19.71,21.02,20.62,20.9,20.54,20.16,19.67,20.22,20.22,20.13,20.08,20.17,8.56,8.43,4.62,5.48,5.3,6.25,4.34,7.06,5.65,4.02,5.1,5.26
T2M,1988,19.61,19.87,20.28,21.21,21.61,20.47,19.9,19.96,19.84,19.7,19.7,19.32,20.12,8.62,7.31,8.84,3.1,7.37,5.15,8.93,5.69,7.63,5.92,8.17,7.37
T2M,1989,19.39,18.78,19.5,21.06,21.32,20.42,19.83,20.08,19.97,19.87,20.12,19.03,19.95,3.15,4.77,7.29,4.52,3.8,4.1,5.9,5.47,7.25,3.32,4.92,7.3
T2M,1990,19.55,19.24,20.08,21.12,21.31,20.65,19.91,20.19,19.93,20.01,20.01,19.36,20.12,4.99,8.9,5.16,6.31,4.28,5.22,7.08,4.24,3.9,6.58,8.75,4.68
T2M,1991,18.93,19.06,20.51,21.4,21.02,20.63,20.1,19.94,20.06,19.79,19.52,19.13,20.01,5.78,5.99,5.86,3.84,7.29,6.38,3.55,8.23,7.96,4.78,6.39,4.37
T2M,1992,19.24,19.85,20.52,21.61,21.39,21.55,19.84,19.93,20.06,19.79,19.87,19.66,20.27,5.8,8.66,7.73,4.86,5.16,3.39,7.02,6.29,7.97,3.34,7.56,6.98
T2M,1993,19.8,19.82,20.43,21.81,21.29,20.81,20.15,20.21,19.81,20.09,19.85,19.67,20.31,3.14,5.85,7.54,7.8,5.96,5.83,6.32,6.18,4.73,6.17,5.8,7.4
T2M,1994,19.28,19.74,20.48,21.12,21.73,21.05,20.44,20.39,20.64,20.18,19.99,19.63,20.39,5.55,7.49,3.83,8.24,5.38,5.93,6.52,5.03,4.34,3.35,8.39,4.26
T2M,1995,19.62,19.94,20.91,21.86,21.16,20.9,20.27,20.52,20.2,20.35,20.04,19.37,20.43,6.3,5.79,4.01,7.99,4.06,8.84,5.36,4.0,6.8,5.22,6.87,5.75
T2M,1996,18.95,19.42,20.51,21.22,21.39,20.83,20.42,20.14,20.66,20.53,20.13,19.43,20.3,7.09,5.52,5.78,8.08,7.54,3.46,8.59,7.21,5.22,6.15,5.58,8.09
T2M,1997,18.76,19.88,19.96,21.29,20.75,20.58,20.81,20.56,20.61,20.61,20.3,19.41,20.29,8.57,8.72,4.31,8.04,8.52,6.98,8.06,8.56,5.7,4.21,4.17,7.59
T2M,1998,19.47,21.35,21.76,22.2,22.12,21.12,20.46,20.37,20.81,20.63,19.94,19.54,20.81,5.03,6.81,6.75,6.22,7.82,8.75,5.51,7.59,6.89,7.99,5.53,7.61
T2M,1999,18.8,18.62,19.1,20.06,20.4,19.92,19.77,19.82,19.89,19.73,19.48,18.79,19.54,5.32,5.63,7.12,6.73,3.95,4.28,5.61,3.53,6.21,8.87,4.32,7.72
T2M,2000,18.17,18.26,19.12,19.96,20.83,20.15,19.72,19.85,20.05,19.72,19.72,19.06,19.55,3.01,6.61,8.78,5.63,4.03,7.32,7.5,7.7,6.07,5.63,8.02,7.83
T2M,2001,18.5,18.63,19.73,20.31,21.2,20.58,20.03,20.68,20.07,20.49,19.79,19.96,20.01,6.49,6.74,3.69,3.05,3.34,3.78,3.47,5.97,3.84,6.67,7.15,5.35
T2M,2002,19.18,19.11,19.73,20.16,20.97,20.97,20.31,20.14,20.52,20.16,19.9,19.24,20.04,7.84,8.54,6.47,7.0,6.78,3.89,4.67,4.56,8.53,8.08,3.52,4.17
T2M,2003,19.06,19.33,20.44,21.07,21.11,20.59,20.32,20.38,20.59,20.65,20.03,19.45,20.26,6.19,4.95,5.45,6.27,7.08,5.61,4.79,3.06,6.02,5.08,3.42,7.83
T2M,2004,19.14,19.49,19.86,21.32,21.02,20.65,20.06,20.62,20.58,20.46,19.77,19.32,20.19,5.8,4.42,8.36,4.08,4.78,7.84,5.33,8.51,7.19,3.5,3.47,6.01
T2M,2005,18.81,18.42,20.48,20.78,21.33,21.24,20.87,20.41,20.29,20.36,19.69,18.94,20.15,6.72,4.98,7.66,7.37,6.23,4.2,4.53,3.74,4.88,5.87,3.77,4.83
T2M,2006,19.09,18.68,19.31,20.35,20.84,20.65,20.53,20.51,20.43,20.69,19.68,19.8,20.06,8.41,7.75,3.99,4.91,3.74,8.35,4.49,4.22,5.65,3.12,8.99,3.67
T2M,2007,19.28,19.26,20.09,21.05,21.02,20.78,20.09,20.35,20.38,20.16,19.83,19.14,20.12,7.48,8.32,3.3,8.83,4.4,5.51,8.56,5.51,4.55,6.17,8.93,8.2
T2M,2008,18.46,18.6,19.25,20.21,20.69,20.51,19.92,20.29,20.56,20.19,19.88,19.32,19.82,7.97,4.24,6.24,4.9,6.01,7.08,7.31,3.42,5.36,6.44,6.78,3.05
T2M,2009,19.01,18.83,18.92,20.45,21.31,20.9,20.7,20.52,20.9,20.57,20.19,19.97,20.2,5.88,8.09,4.68,8.5,7.28,8.39,8.52,5.68,7.0,3.34,5.02,8.99
T2M,2010,19.43,20.36,20.73,21.83,21.66,20.69,20.73,20.58,20.36,20.1,19.28,18.32,20.34,6.05,3.86,5.87,8.0,5.73,7.72,8.83,8.09,5.34,7.76,6.15,5.79
T2M,2011,18.88,19.27,19.42,20.62,21.73,21.06,20.43,20.64,20.58,19.9,19.51,19.13,20.1,7.91,5.56,7.87,7.46,5.22,8.7,8.37,5.67,6.15,8.55,3.7,8.19
T2M,2012,18.66,18.74,19.56,20.64,21.44,21.24,20.47,20.44,20.19,20.1,19.88,19.73,20.09,4.36,4.38,6.54,8.15,4.94,3.75,6.76,7.37,3.91,6.6,6.24,5.55
T2M,2013,19.41,19.27,20.17,20.9,20.8,20.85,20.3,20.29,20.78,20.18,19.94,19.41,20.19,7.33,4.29,5.2,5.59,8.78,4.78,4.63,5.44,7.15,8.88,5.63,6.3
T2M,2014,19.0,19.01,20.09,20.87,21.16,21.04,20.65,20.28,20.35,20.38,19.98,19.53,20.2,7.68,4.17,8.94,5.99,7.46,6.65,6.76,3.35,5.55,4.88,6.19,7.37
T2M,2015,19.2,19.11,19.49,20.8,20.93,21.3,20.57,20.86,20.85,21.14,20.57,20.72,20.47,6.73,5.31,7.5,8.96,4.62,6.65,7.7,7.53,7.34,6.76,5.22,5.81
T2M,2016,19.67,19.68,21.29,21.93,22.14,21.03,20.29,21.01,20.64,20.67,20.18,19.65,20.68,7.27,6.76,3.12,5.93,3.47,7.52,4.7,4.21,8.66,8.58,5.1,7.18
T2M,2017,19.19,19.47,19.94,21.35,21.38,21.14,20.84,20.91,21.01,20.67,20.27,19.5,20.48,8.53,8.24,6.16,7.93,7.56,5.38,7.52,7.97,7.27,4.13,6.18,8.99
T2M,2018,18.94,18.76,19.41,20.53,21.0,20.76,20.43,20.37,20.8,20.3,20.43,19.47,20.11,8.99,7.44,8.77,4.82,8.19,4.1,8.67,5.02,7.39,3.6,4.2,8.7
T2M,2019,19.2,19.99,20.14,21.37,21.38,21.52,20.73,20.87,20.84,20.47,20.22,20.23,20.58,7.52,6.23,8.08,7.51,5.5,7.17,8.78,7.4,8.08,8.99,6.09,7.34
T2M,2020,19.93,19.9,20.1,20.97,21.55,20.91,20.28,20.66,20.6,20.64,20.39,19.48,20.45,3.6,3.41,7.47,3.24,3.92,4.41,3.19,7.84,7.04,5.78,3.36,7.9
T2M,2021,19.21,19.7,19.69,20.68,20.85,20.84,20.84,20.42,20.69,20.73,19.84,19.86,20.28,7.51,3.06,5.58,7.73,4.68,3.51,3.36,8.15,5.9,4.07,7.38,7.7
T2M,2022,18.99,19.11,20.12,20.8,21.11,20.24,20.62,20.49,20.74,20.49,20.09,19.42,20.19,3.2,3.17,7.24,6.62,3.5,7.85,5.25,4.5,4.36,8.9,8.56,5.16
T2M,2023,19.22,19.29,19.78,20.89,21.93,21.64,21.23,21.4,21.45,21.52,21.08,20.66,20.85,5.88,7.69,8.89,4.62,5.95,8.19,8.21,3.69,3.52,7.57,6.18,7.31
T2M,2024,20.49,20.06,21.74,21.64,22.37,21.82,21.36,21.32,21.56,21.15,20.64,20.12,21.19,6.49,5.82,8.96,3.24,5.53,5.26,6.25,7.58,6.04,6.08,3.69,4.46
T2M_MAX,1981,23.9,24.29,27.35,26.39,27.09,25.68,25.1,26.52,25.94,25.27,24.98,24.22,27.35,6.38,8.47,8.38,8.69,6.18,8.54,6.61,8.3,7.71,3.51,6.29,5.51
T2M_MAX,1982,24.54,24.57,26.71,27.46,27.8,26.94,24.56,25.21,25.27,24.2,24.83,25.02,27.8,7.06,6.95,5.38,6.33,3.49,5.87,8.21,6.17,4.17,8.55,7.53,5.71
T2M_MAX,1983,26.13,28.61,30.75,31.09,28.2,27.26,26.33,25.36,26.0,25.0,24.97,24.19,31.09,4.9,4.25,7.2,3.34,5.36,7.57,7.41,8.09,7.19,8.25,8.07,6.59
T2M_MAX,1984,23.68,26.75,29.1,29.38,28.3,25.76,24.92,24.96,25.23,25.1,23.97,23.51,29.38,7.6,6.65,3.13,4.2,6.34,6.35,3.66,3.18,5.55,6.7,5.79,4.12
T2M_MAX,1985,23.45,24.81,29.14,29.95,29.84,26.37,24.49,25.31,26.07,25.91,25.14,24.95,29.95,4.62,6.27,7.71,3.44,4.74,5.93,4.25,8.13,7.43,8.21,6.04,3.52
T2M_MAX,1986,23.79,26.47,28.38,29.79,30.47,27.03,24.77,25.3,25.91,25.11,24.74,24.34,30.47,5.83,8.56,4.28,6.05,5.05,3.22,4.34,8.55,8.7,7.01,8.37,7.18
T2M_MAX,1987,24.2,25.99,31.03,27.01,27.66,27.39,25.32,25.17,26.64,25.52,25.33,25.75,31.03,8.94,5.13,7.64,5.76,8.26,3.71,8.55,8.72,4.17,4.16,7.46,8.28
T2M_MAX,1988,25.36,28.06,28.2,29.86,29.42,28.24,27.0,25.48,25.62,25.19,25.53,24.07,29.86,8.22,8.85,6.91,6.74,3.15,3.71,7.06,5.67,6.22,5.47,8.14,6.9
T2M_MAX,1989,24.62,27.01,28.33,29.23,29.11,26.96,25.95,26.12,25.63,25.41,25.6,24.7,29.23,7.03,4.42,7.54,3.75,3.7,5.03,4.82,6.26,5.95,8.55,8.43,5.71
T2M_MAX,1990,24.95,26.75,28.77,29.64,28.45,27.56,26.24,25.57,26.07,26.13,24.75,25.2,29.64,6.47,4.59,4.67,3.87,6.95,3.65,5.74,6.98,6.58,4.52,3.45,7.12
T2M_MAX,1991,24.22,26.19,28.83,31.26,27.23,26.46,25.53,25.73,25.96,25.53,25.28,25.24,31.26,3.03,3.56,8.27,5.5,6.06,3.09,7.84,3.22,7.29,8.04,7.43,7.87
T2M_MAX,1992,24.89,29.24,29.95,31.69,28.72,29.1,25.51,25.33,25.82,25.76,25.47,25.26,31.69,8.43,6.12,7.6,3.46,3.14,3.58,8.18,8.42,7.27,3.79,8.58,3.86
T2M_MAX,1993,27.21,28.41,29.17,30.75,28.8,25.4,25.17,25.05,25.14,25.54,25.3,24.84,30.75,8.14,6.74,8.83,6.84,3.56,6.31,5.72,7.39,8.39,6.23,7.67,5.33
T2M_MAX,1994,26.14,27.89,28.92,29.67,30.09,28.2,25.62,26.19,26.77,26.48,26.31,25.16,30.09,7.6,5.76,5.95,3.56,5.16,4.83,5.82,6.72,5.43,5.27,7.94,4.34
T2M_MAX,1995,26.49,28.01,29.32,31.39,28.52,26.85,26.19,26.07,25.04,25.74,24.94,25.32,31.39,5.85,7.2,4.71,7.95,3.57,6.65,5.68,8.25,4.57,6.24,3.57,7.76
T2M_MAX,1996,24.78,26.71,30.36,29.45,28.91,26.49,26.22,27.41,27.19,26.03,26.35,24.17,30.36,3.41,8.75,7.56,5.92,7.06,4.8,3.21,3.32,5.08,8.78,6.65,5.62
T2M_MAX,1997,24.92,26.41,28.85,29.36,28.18,27.73,25.12,26.64,26.0,25.7,25.79,24.79,29.36,5.98,3.57,8.18,7.53,6.6,4.09,5.03,6.47,3.1,7.48,7.17,3.04
T2M_MAX,1998,26.32,29.92,31.29,31.78,31.12,26.66,25.86,25.06,26.21,25.25,25.19,24.06,31.78,8.89,6.48,6.84,8.25,8.42,4.33,4.11,6.41,5.21,8.01,3.37,6.14
T2M_MAX,1999,24.21,23.93,25.86,26.91,25.79,25.41,24.82,25.65,24.54,24.49,25.14,23.39,26.91,6.23,5.99,6.94,8.19,8.67,3.05,4.67,6.95,8.07,4.68,7.4,8.95
T2M_MAX,2000,23.99,23.37,26.65,26.48,27.32,25.61,24.54,24.41,25.17,25.3,25.31,24.15,27.32,3.78,4.82,6.67,8.7,8.39,7.17,3.67,6.67,5.65,4.46,3.75,4.64
T2M_MAX,2001,23.89,24.28,29.46,28.02,28.91,25.32,25.52,26.32,25.44,25.54,25.53,24.9,29.46,7.9,7.3,6.99,4.39,4.46,3.69,3.06,3.34,3.62,5.4,4.79,3.89
T2M_MAX,2002,24.54,25.09,27.28,26.55,26.36,25.81,24.68,25.03,25.06,25.06,24.79,24.22,27.28,7.85,3.33,6.58,3.16,5.03,8.2,3.33,7.21,6.26,6.38,5.62,7.31
T2M_MAX,2003,24.68,25.62,29.82,29.24,28.47,25.66,25.64,25.74,26.16,25.94,25.16,24.02,29.82,5.99,5.35,6.0,4.71,6.34,8.36,7.86,7.45,8.48,5.61,7.5,4.15
T2M_MAX,2004,24.67,27.08,26.29,29.51,26.81,26.38,25.33,26.04,26.25,26.57,25.9,24.33,29.51,8.75,5.19,5.0,3.96,3.57,7.94,3.95,7.94,8.75,8.09,5.15,7.68
T2M_MAX,2005,25.36,25.95,26.42,27.34,27.64,26.92,26.88,25.4,25.93,25.58,25.02,24.76,27.64,7.79,8.36,5.26,8.95,3.89,5.94,8.9,5.15,5.37,7.1,4.39,6.89
T2M_MAX,2006,24.63,24.7,25.6,27.34,27.18,25.77,25.5,25.5,26.49,26.36,25.23,24.74,27.34,5.85,3.42,5.59,6.75,8.36,7.38,6.4,7.48,6.21,7.1,4.73,6.0
T2M_MAX,2007,24.02,25.84,27.7,28.98,27.16,26.33,25.17,25.44,25.92,24.73,24.3,24.05,28.98,8.47,3.24,3.09,7.94,3.34,6.25,4.14,5.3,4.07,5.36,8.95,5.62
T2M_MAX,2008,23.53,24.48,25.43,26.57,27.67,25.94,24.83,25.46,26.58,25.19,25.15,24.51,27.67,3.23,3.08,4.33,3.33,6.19,3.42,5.17,4.01,8.02,7.9,4.48,8.82
T2M_MAX,2009,23.59,24.27,26.19,27.03,28.07,26.11,26.18,26.12,27.01,26.33,24.77,25.53,28.07,3.41,4.41,5.89,4.45,5.42,7.85,6.76,8.44,4.51,4.58,6.45,8.06
T2M_MAX,2010,25.14,26.46,28.47,29.68,26.94,26.93,26.08,26.51,25.03,25.31,24.75,23.74,29.68,5.33,6.27,8.76,4.84,3.33,3.39,3.3,7.38,7.69,7.64,4.71,7.57
T2M_MAX,2011,24.33,24.9,27.51,28.87,29.62,27.72,25.88,26.51,25.56,25.68,24.62,23.87,29.62,4.0,7.78,4.63,6.43,5.31,5.12,6.86,4.93,4.12,7.58,3.81,4.7
T2M_MAX,2012,23.34,24.16,26.94,27.59,27.95,26.95,25.4,26.68,26.22,25.17,25.09,25.17,27.95,8.61,4.96,6.18,4.04,3.82,4.93,8.81,5.79,8.35,4.56,3.41,6.66
T2M_MAX,2013,24.39,26.18,29.11,27.93,28.31,25.77,24.95,25.94,26.11,25.44,25.49,24.51,29.11,8.15,7.48,5.54,8.74,6.41,6.78,8.75,3.02,5.12,6.92,7.42,8.86
T2M_MAX,2014,23.97,26.07,27.14,29.0,27.37,26.5,25.46,26.07,25.26,25.85,25.58,24.86,29.0,3.34,5.67,3.94,7.88,7.96,6.88,8.41,8.85,4.55,8.61,7.85,7.41
T2M_MAX,2015,24.04,24.87,26.38,28.75,26.83,27.05,25.82,26.46,26.37,26.93,25.73,25.43,28.75,7.92,8.9,8.86,6.17,8.17,7.69,4.14,5.05,6.1,6.24,5.98,8.67
T2M_MAX,2016,25.35,26.51,30.08,29.72,29.78,26.79,25.2,26.33,25.96,26.05,25.63,24.82,30.08,7.3,5.28,6.8,4.09,6.9,6.6,4.8,7.91,8.95,4.89,5.72,4.25
T2M_MAX,2017,24.67,26.02,28.1,28.42,27.08,26.24,25.32,26.81,26.56,25.95,25.73,25.16,28.42,8.54,7.77,8.53,5.17,6.05,5.21,3.7,7.51,6.79,3.69,7.16,8.55
T2M_MAX,2018,23.96,23.58,26.57,26.71,27.24,26.22,25.53,25.81,26.05,26.69,25.69,24.99,27.24,4.84,3.14,7.05,3.06,8.4,8.79,7.29,6.89,6.85,8.62,3.61,4.54
T2M_MAX,2019,25.95,28.68,27.81,29.62,27.74,26.28,26.21,26.22,26.44,25.66,25.17,24.73,29.62,8.56,7.55,7.29,5.7,7.01,7.57,4.66,3.38,8.05,3.55,3.08,3.92
T2M_MAX,2020,24.93,25.54,27.16,28.54,28.0,26.39,25.75,27.24,26.1,25.92,26.19,24.26,28.54,8.35,3.38,4.38,8.52,8.38,4.55,4.84,7.99,8.52,3.44,5.66,7.38
T2M_MAX,2021,24.24,25.43,26.89,26.94,27.07,25.98,25.91,25.09,26.4,26.15,25.94,24.62,27.07,4.87,5.04,3.45,4.37,6.45,4.32,5.46,6.89,7.93,5.86,7.98,6.26
T2M_MAX,2022,24.56,24.92,27.35,27.35,27.06,26.71,25.66,26.22,26.33,25.53,25.67,24.12,27.35,3.04,6.47,8.53,3.81,5.29,6.82,4.72,4.84,3.93,6.46,5.15,8.46
T2M_MAX,2023,23.81,25.5,26.88,29.09,28.39,27.36,26.35,27.28,26.95,26.68,26.1,25.7,29.09,7.89,6.66,7.84,3.15,8.44,3.78,7.1,7.36,5.93,5.16,8.21,7.2
T2M_MAX,2024,25.79,26.77,30.59,29.97,29.0,26.71,26.2,26.39,27.05,26.76,25.46,24.69,30.59,6.59,7.12,4.5,4.06,4.8,5.35,7.09,7.23,4.13,7.9,5.46,7.63
T2M_MIN,1981,14.19,14.68,12.66,16.23,15.97,14.92,15.16,15.54,14.75,13.65,14.72,14.84,12.66,8.08,4.86,3.13,3.31,3.54,4.99,5.62,4.16,3.11,7.64,7.38,5.01
T2M_MIN,1982,14.02,14.09,13.69,14.33,15.17,15.44,14.31,14.83,15.9,13.64,14.12,14.36,13.64,3.73,4.76,7.88,3.14,8.76,6.85,8.63,5.86,4.84,5.12,6.32,3.26
T2M_MIN,1983,15.75,14.86,15.2,15.01,15.63,16.1,15.55,14.75,13.83,13.35,14.96,14.31,13.35,7.84,3.95,3.65,8.64,4.47,7.67,4.79,7.94,6.53,6.23,6.97,6.4
T2M_MIN,1984,13.14,13.49,14.07,13.6,15.48,14.3,14.05,15.13,15.22,14.87,12.75,15.3,12.75,6.56,7.29,6.02,5.4,5.8,3.61,3.7,4.59,4.02,5.11,4.51,3.78
T2M_MIN,1985,14.37,13.8,14.28,14.87,14.49,14.86,14.08,13.08,14.88,14.58,14.97,13.74,13.08,6.43,8.46,5.1,7.96,6.05,3.23,4.42,3.42,6.07,7.76,6.11,4.0
T2M_MIN,1986,14.73,11.92,12.49,16.23,15.96,15.84,14.82,15.09,14.82,14.16,14.42,13.29,11.92,7.46,6.28,3.48,6.36,7.58,3.54,8.27,5.79,6.28,7.19,8.49,6.1
T2M_MIN,1987,14.11,15.17,12.08,14.74,16.69,14.44,15.09,15.35,14.19,15.72,15.63,14.87,12.08,8.5,6.83,3.69,3.63,8.66,8.0,6.32,5.9,5.48,5.77,5.42,7.48
T2M_MIN,1988,12.39,15.32,14.63,15.43,16.06,15.51,14.92,15.46,15.45,14.38,14.72,15.93,12.39,7.4,8.48,3.69,4.75,7.14,6.71,8.71,3.55,3.61,4.55,3.22,5.7
T2M_MIN,1989,15.66,14.76,13.31,15.21,16.76,15.64,14.62,15.52,14.44,14.77,15.3,13.8,13.31,6.05,7.09,8.34,7.15,3.68,5.11,8.93,6.1,7.1,4.9,7.49,4.54
T2M_MIN,1990,15.6,14.64,12.49,13.27,17.13,16.39,15.03,14.74,15.8,15.52,14.9,15.24,12.49,4.59,5.19,5.89,3.48,6.93,5.23,6.1,3.5,3.57,4.88,7.47,7.99
T2M_MIN,1991,13.41,14.35,14.14,14.6,15.83,15.16,14.23,14.69,16.4,15.0,13.81,14.8,13.41,6.79,8.91,3.79,6.22,5.64,4.19,5.78,8.49,8.88,7.13,7.37,7.06
T2M_MIN,1992,14.23,14.02,13.79,15.43,15.18,16.89,14.9,16.22,15.44,14.68,15.47,14.89,13.79,3.04,4.1,8.38,5.43,6.31,4.88,8.27,3.42,3.85,6.11,3.88,5.97
T2M_MIN,1993,14.62,14.69,12.18,15.86,17.4,16.97,16.37,16.55,16.12,15.6,15.52,15.4,12.18,3.34,7.08,8.47,5.45,5.72,4.98,6.01,5.73,5.88,6.36,3.73,7.9
T2M_MIN,1994,14.49,14.72,13.4,15.02,16.15,16.61,16.69,15.83,15.83,15.97,14.88,13.47,13.4,3.93,7.38,8.55,4.61,7.88,6.08,4.77,6.39,3.62,8.62,7.72,8.53
T2M_MIN,1995,14.46,13.79,13.42,16.09,16.52,16.6,14.82,16.95,16.18,16.89,15.93,14.62,13.42,8.47,8.0,5.16,4.08,8.67,5.69,6.53,3.37,8.28,4.27,6.93,5.1
T2M_MIN,1996,14.18,13.42,13.53,15.04,17.32,16.17,15.79,14.9,15.37,16.75,15.0,15.53,13.42,6.61,6.81,8.48,6.2,6.55,7.13,3.45,3.46,8.74,8.45,3.24,4.94
T2M_MIN,1997,12.68,15.13,14.13,14.48,15.83,14.7,17.22,16.45,15.56,16.97,16.48,14.09,12.68,3.49,6.09,7.67,6.14,4.38,7.35,8.44,4.63,4.06,6.96,7.21,8.85
T2M_MIN,1998,14.45,15.61,15.82,16.09,16.67,17.6,16.24,15.31,16.23,18.14,14.8,16.43,14.45,8.64,7.57,4.13,4.02,4.44,8.37,3.44,3.37,5.36,6.46,7.42,8.48
T2M_MIN,1999,13.83,14.38,13.65,13.81,16.3,15.44,15.13,15.18,16.66,16.09,15.38,14.69,13.65,7.64,7.09,6.92,3.75,8.85,5.44,6.1,4.85,3.21,7.82,4.44,4.55
T2M_MIN,2000,14.42,14.62,14.94,14.8,16.69,14.7,16.19,15.24,16.22,15.19,14.26,13.87,13.87,6.13,6.59,3.22,8.74,6.99,5.51,8.76,8.68,4.92,7.19,8.15,5.2
T2M_MIN,2001,13.56,14.77,13.49,15.64,16.32,16.61,14.54,16.6,16.23,16.6,14.35,14.59,13.49,6.22,4.05,4.3,5.29,3.99,6.81,8.92,4.33,7.48,4.75,6.07,6.36
T2M_MIN,2002,13.97,15.03,15.03,14.4,16.32,17.28,16.39,14.9,15.62,15.87,15.44,14.28,13.97,6.42,3.52,5.46,3.33,7.43,3.14,4.08,8.55,4.69,6.46,5.65,8.16
T2M_MIN,2003,14.72,14.67,14.33,14.76,15.88,16.44,15.89,15.99,15.12,16.94,15.76,15.17,14.33,6.07,6.99,6.06,6.18,3.5,5.45,7.31,3.46,6.25,8.3,8.43,5.08
T2M_MIN,2004,14.3,14.25,16.35,15.61,17.47,16.03,15.22,17.04,15.37,15.78,13.22,14.97,13.22,7.99,4.35,4.29,7.96,4.49,7.59,5.55,8.17,3.78,4.73,6.68,6.27
T2M_MIN,2005,14.42,13.7,14.77,14.39,16.94,17.39,16.8,16.56,16.37,17.65,14.45,12.42,12.42,5.53,8.83,5.37,7.11,4.96,3.11,3.84,6.45,4.2,6.54,5.8,6.33
T2M_MIN,2006,13.8,14.61,14.48,14.59,15.14,16.38,15.29,16.53,15.85,15.73,14.09,15.84,13.8,5.31,6.6,3.71,4.17,6.24,8.55,5.6,4.0,4.23,5.95,4.31,3.74
T2M_MIN,2007,16.38,14.22,15.36,14.69,17.21,16.56,15.52,16.23,16.02,15.6,15.82,12.76,12.76,4.22,6.22,7.62,5.61,7.89,3.01,3.02,8.79,5.84,7.47,6.81,3.45
T2M_MIN,2008,12.38,13.61,14.49,14.34,15.44,17.16,15.88,16.77,14.85,16.9,14.99,14.88,12.38,7.6,3.03,7.62,6.89,3.71,8.12,7.37,8.88,7.86,5.83,3.6,8.71
T2M_MIN,2009,15.55,14.31,13.92,15.26,16.78,16.94,16.89,15.96,16.35,15.79,15.52,16.12,13.92,4.43,5.03,6.38,5.48,6.99,8.97,3.89,4.1,8.47,3.68,3.81,4.63
T2M_MIN,2010,15.08,15.19,14.71,14.84,17.57,15.91,15.88,17.07,16.93,16.13,14.27,13.49,13.49,6.31,7.07,3.98,7.42,7.41,6.04,5.87,8.34,7.56,6.36,3.2,4.96
T2M_MIN,2011,14.43,15.17,13.7,14.01,15.82,17.29,14.98,16.32,16.0,15.48,15.3,15.88,13.7,5.36,4.86,3.66,7.92,4.55,6.17,8.43,5.69,4.31,7.86,8.81,3.32
T2M_MIN,2012,14.89,13.92,13.67,14.21,16.58,16.02,15.07,14.59,15.31,15.61,16.05,14.78,13.67,5.16,7.76,5.37,5.07,6.09,4.58,7.88,4.97,5.01,3.92,5.5,3.96
T2M_MIN,2013,14.57,14.85,14.9,15.47,12.33,16.19,15.37,15.15,16.45,15.35,14.06,13.58,12.33,3.19,5.59,7.18,8.04,6.17,3.37,4.22,4.86,4.05,7.56,5.01,6.91
T2M_MIN,2014,14.38,14.15,14.74,15.57,15.67,15.62,17.23,15.34,15.44,16.01,15.46,13.97,13.97,5.53,8.66,8.34,3.51,8.42,4.68,5.09,8.28,8.12,3.41,5.68,4.29
T2M_MIN,2015,15.68,15.11,14.65,15.02,14.52,17.81,16.75,16.18,15.8,16.92,16.28,16.26,14.52,4.7,5.57,3.98,3.23,3.79,8.5,4.03,7.69,5.59,4.99,6.21,6.62
T2M_MIN,2016,15.01,15.34,15.79,15.6,16.06,16.08,16.15,16.73,15.9,15.86,15.53,15.44,15.01,5.81,7.18,4.45,7.85,7.43,6.07,3.28,6.96,8.6,5.93,6.52,7.25
T2M_MIN,2017,14.69,14.86,14.64,15.5,17.31,16.89,16.6,15.61,15.57,16.26,15.64,14.9,14.64,3.42,6.05,7.55,7.28,6.94,7.6,3.31,3.05,6.12,7.74,4.37,7.9
T2M_MIN,2018,15.68,14.58,13.65,14.37,15.34,14.39,16.22,16.04,16.66,16.08,15.37,15.61,13.65,6.9,4.38,8.34,4.63,7.41,7.11,8.63,4.32,4.26,5.82,6.0,3.08
T2M_MIN,2019,15.13,14.89,15.39,16.25,17.6,16.99,16.24,16.71,14.89,16.04,14.19,15.99,14.19,5.0,8.49,5.78,3.1,6.21,4.05,8.14,4.26,6.24,8.33,4.07,4.42
T2M_MIN,2020,16.08,13.96,15.73,15.52,17.21,15.56,14.07,14.97,14.82,16.48,16.56,13.57,13.57,6.38,7.94,7.04,8.14,7.92,5.84,3.15,3.89,6.79,6.06,7.74,6.0
T2M_MIN,2021,13.59,15.41,13.38,15.34,15.95,15.07,16.23,15.62,16.71,16.38,14.78,16.47,13.38,7.55,4.02,4.31,3.53,8.94,6.3,6.15,5.93,6.07,3.13,5.25,5.04
T2M_MIN,2022,15.2,12.54,14.26,15.8,16.22,15.3,16.29,15.27,16.89,16.11,15.34,15.47,12.54,6.22,7.74,5.77,7.11,8.94,8.24,5.82,5.39,7.43,4.41,3.09,7.46
T2M_MIN,2023,14.71,13.53,15.29,14.76,16.99,15.81,16.89,17.24,15.9,17.48,16.67,16.68,13.53,4.57,3.65,8.65,7.25,8.92,8.48,6.22,5.58,5.55,3.69,6.47,6.69
T2M_MIN,2024,15.93,13.93,14.21,14.95,16.76,17.71,16.85,17.28,17.87,17.47,16.24,16.22,13.93,5.87,3.59,4.84,3.46,8.67,7.39,4.51,4.83,3.05,5.33,7.14,6.49
